Site_ID,Site_Name,Ftr_ID,Ftr_Name,Dep_Type_1,Dep_Type_2,Commodity,Ore_Min,Gangue_Min,Remarks,Prim_Cit,Sec_Cit,Last_Updt
AZ000001,Copper Cities,,,Calc-alkaline porphyry copper,Supergene,copper (1); gold (1); molybdenum (1); silver (1),azurite; chalcocite; chalcopyrite; covellite; gold; malachite; molybdenite; silver; turquoise,apatite; biotite; calcite; chlorite; clinozoisite; epidote; galena; magnetite; montmorillonite; oligoclase; orthoclase; plagioclase; pyrite; quartz; sericite; sphalerite; titanite; zircon,,Simmons and Fowells (1966),(1) Briggs (2022),2025-06-26
AZ000002,Miami-Inspiration,,,Calc-alkaline porphyry copper,Exotic; Supergene,copper; gold; lead; molybdenum; silver,atacamite; azurite; bornite; brochantite; chalcocite; chalcopyrite; chrysocolla; covellite; cuprite; galena; gold; libethenite; lindgrenite; malachite; molybdenite; silver,andalusite (1); calcite (2); chlorite (1); epidote (2); goethite; hematite; jarosite; magnetite (2); muscovite; orthoclase (1); plagioclase (1); pyrite; quartz; sericite,,Briggs (2022),(1) Swaim (2020); (2) Swaim and others (2019),2025-08-06
AZ000003,Twin Buttes,,,Calc-alkaline porphyry copper,Magmatic hydrothermal breccia pipe; Skarn; Supergene,copper; molybdenum (1); uranium (1),azurite; bornite; brochantite; chalcocite; chalcopyrite; chrysocolla; copper; covellite; cuprite; ferrimolybdite; malachite; molybdenite; powellite; tenorite; tetrahedrite; wulfenite,actinolite; andradite; anhydrite; biotite; calcite; chlorite; diopside; epidote; fluorite; forsterite; galena; goethite; grossular; gypsum; hedenbergite; hematite; limonite; magnetite; matildite; montmorillonite; nontronite; phlogopite; plagioclase; potassium feldspar; pyrite; pyrolusite; pyrrhotite; quartz; scheelite; sericite; serpentine; sphalerite; tremolite; vesuvianite; wollastonite,"Uranium ore minerals not reported, but was recovered from leach solutions",Barter and Kelly (1982),(1) Arizona Geological Survey (2015),2025-08-06
AZ000004,Tohono,,,Calc-alkaline porphyry copper,Skarn; Supergene,copper (1),atacamite; brochantite; chalcocite; chalcopyrite; chrysocolla; copper; cuprite; tenorite,andesine; anhydrite; biotite; calcite; chlorite; clinochlore; garnet; goethite; gypsum; halloysite; hematite; kaolinite; leucoxene; magnetite; manganese oxides; molybdenite; plagioclase; potassium feldspar; pyrite; quartz; rutile; sericite; smectite; tremolite,Deposit known as the Lakeshore deposit,Cook (1988),"(1) Clear Creek Associates, L.L.C. (2018)",2025-06-20
AZ000005,Sierrita-Esperanza,,,Calc-alkaline porphyry copper,Magmatic hydrothermal breccia pipe (1); Magmatic hydrothermal replacement; Supergene (2),copper; molybdenum; rhenium (1),antlerite (1); azurite (1); bornite (1); brochantite (1); chalcocite (1); chalcopyrite; chrysocolla (1); copper (1); cubanite (1); cuprite (1); digenite (1); ferrimolybdite (1); ilsemannite (1); libethenite (1); malachite (1); molybdenite; tennantite (1); tenorite (1); tetrahedrite (1); torbernite (1),akaganeite (1); albite (1); anhydrite (1); biotite; calcite (1); chlorite; epidote; galena (1); goethite (1); gypsum (1); hematite (1); hornblende (1); jarosite (1); limonite (1); magnetite (1); marcasite (1); montmorillonite (1); orthoclase; plagioclase (1); pyrite; pyrrhotite (1); quartz; sericite; sphalerite (1); tourmaline (1),,Titley and others (1986),(1) West and Aiken (1982); (2) Sawyer and others (1993),2025-06-26
AZ000006,San Manuel,,,Calc-alkaline porphyry copper,Supergene,copper (1); gold (1); molybdenum (1); silver (1),atacamite (2); azurite; bornite; chalcocite; chalcopyrite; chrysocolla; copper; covellite; cuprite; malachite; molybdenite; plancheite (2); silver (2); tenorite,adularia; allophane; alunite; barite; biotite; calcite; chlorite; clinozoisite; dickite; epidote; fluorite; goethite; halloysite; hematite; hydrohalloysite; illite; ilmenite; jarosite; kaolinite; leucoxene; magnetite; mica; microcline; montmorillonite; muscovite; orthoclase; plagioclase; psilomelane; pyrite; pyroxene; quartz; rutile; sericite; sphalerite; zircon; zunyite,Deposit also known as San Manuel-Kalamazoo,Schwartz (1953),(1) U.S. Environmental Protection Agency (1994); (2) Thomas (1966),2025-06-26
AZ000007,Resolution Copper,,,Calc-alkaline porphyry copper,Magmatic hydrothermal replacement; Vein,copper; gold; lead; manganese; silver; zinc,azurite (1); bornite; chalcocite (1); chalcopyrite; chlorargyrite (2); chrysocolla (1); colusite (1); copper (1); coronadite (1); covellite (1); cryptomelane (1); digenite (1); dioptase (1); djurleite (1); enargite (1); famatinite (1); galena (1); groutite (1); malachite (1); olivenite (1); pyrolusite (1); rhodochrosite (1); silver (1); sphalerite (1); tennantite (1); tetrahedrite (1); wulfenite (1),barite (1); calcite; gypsum (1); hematite; limonite (2); pyrite; quartz; sericite; voltaite (1),,Briggs (2015b),(1) Presmyk (2020); (2) Short and others (1943),2025-06-20
AZ000008,Morenci,,,Calc-alkaline porphyry copper,Skarn; Supergene,copper; molybdenum,azurite; brochantite; chalcocite; chalcopyrite; chrysocolla; copper; covellite; cuprite; malachite; molybdenite; tenorite,actinolite; biotite; chlorite; diopside; epidote; garnet; magnetite; neotocite; orthoclase; pyrite; quartz; sericite; tremolite; wollastonite,,Young and others (2023),,2025-06-26
AZ000009,United Verde,,,Volcanogenic massive sulfide (VMS),Supergene,copper; gold; lead; silver; zinc,azurite; bornite; chalcocite; chalcopyrite; copper; copper hydroxides; cuprite; electrum; galena; hydrous copper sulfates; malachite; silver; sphalerite; tennantite,ankerite; arsenopyrite; calcite; chlorite; dolomite; hornblende; iron oxides; kaolinite; pyrite; quartz; sericite; siderite,,Briggs (2018),,2025-06-26
AZ000010,Christmas,,,Calc-alkaline porphyry copper,Magmatic hydrothermal replacement; Skarn,copper; gold; silver,azurite (1); bornite; brochantite (1); chalcanthite (1); chalcocite; chalcopyrite; copper; covellite; cuprite; dioptase (1); malachite (1),actinolite (1); albite (1); anhydrite; biotite (1); brucite (1); chlorite; clay; diopside; epidote; forsterite (1); galena; garnet; hematite; magnetite; mica; molybdenite; pyrite; pyrrhotite (1); quartz; sphalerite; talc (1); tremolite; vesuvianite (1); wollastonite,Gold and silver ore minerals not reported,Peterson and Swanson (1956),(1) Briggs (2021),2025-06-26
AZ000011,Bisbee,,,Sediment-hosted massive sulfide,Magmatic hydrothermal breccia pipe; Magmatic hydrothermal replacement; Supergene; Vein,copper; gold; lead; manganese; silver; sulfuric acid (1); zinc,alabandite; azurite; bornite; braunite; brochantite; chalcocite; chalcopyrite; copper; covellite; cuprite; galena; malachite; pyrite (1); rhodochrosite; sphalerite; turquoise,alunite; apatite; biotite; cerussite; chlorite; diaspore; dickite; dolomite; epidote; garnet; goethite; halloysite; hematite; hornblende; kaolinite; limonite; magnetite; microcline; molybdenite; muscovite; orthoclase; plagioclase; pyrophyllite; quartz; rutile; sericite; zircon,Gold and silver ore minerals not reported,Stegen and others (2005),(1) Briggs (2015a),2025-07-22
AZ000012,Bagdad,,,Calc-alkaline porphyry copper,Magmatic hydrothermal breccia pipe (1); Supergene; Vein,copper; gold; lead (2); molybdenum; rhenium (2); silver; zinc (2),chalcanthite; chalcocite; chalcopyrite; chrysocolla; copper; covellite; cuprite; galena; malachite; molybdenite; silver (3); sphalerite; tetrahedrite (3),albite; andesine; apatite; barite; calcite; chalcedony; chlorite; gypsum; hornblende; jarosite; kaolinite; limonite (1); magnetite; montmorillonite; orthoclase; plagioclase; pyrite; quartz; rutile; sericite; titanite; tourmaline; zircon,Gold ore mineral not reported,Anderson (1950),(1) Gilmour (1976); (2) Rathkopf and others (2017); (3) Barra and others (2003),2025-08-06
AZ000013,New Cornelia Mine,,,Calc-alkaline porphyry copper,Supergene,copper; gold (1); molybdenum (1); silver (1),azurite; bornite; chalcopyrite; chrysocolla; copper; cuprite; malachite; molybdenite; tetrahedrite,albite; alunite; andesine; anhydrite; ankerite; apatite; barite; biotite; calcite; chlorite; epidote; hematite; hornblende; ilmenite; magnetite; microcline; muscovite; orthoclase; plagioclase; pyrite; quartz; sericite; sphalerite; titanite; zircon; zoisite,Gold and silver ore minerals not reported,Gilluly (1942),(1) Briggs (2017b),2025-06-26
AZ000014,Mineral Park,,,Calc-alkaline porphyry copper,Supergene; Vein,copper; gold (1); lead (1); molybdenum; silver; zinc (1),acanthite; chalcocite; chalcopyrite; covellite; freibergite; galena; gold (1); miargyrite (1); molybdenite; pearceite (1); polybasite (1); proustite (1); pyrargyrite (1); silver (1); sphalerite; stromeyerite; tellurides; tetrahedrite; turquoise,anhydrite; arsenic (1); arsenopyrite; biotite; chlorite (1); epidote (1); kaolinite; magnetite; manganese oxides (1); nontronite; orthoclase (1); pyrite; quartz; rutile; sericite; stibnite,,Simmerman (2013),(1) Lang and Eastoe (1988),2025-06-20
AZ000015,Mission Complex,,,Calc-alkaline porphyry copper,,copper; gold (1); molybdenum (1); silver (1),chalcocite; chalcopyrite; copper; molybdenite; silver; tetrahedrite,actinolite; biotite; calcite; chlorite; clay; diopside; galena; garnet; hematite; lead; limonite; orthoclase; plagioclase; pyrite; quartz; sericite; sphalerite; wollastonite,Gold ore mineral not reported,Kinnison (1966),(1) Sawyer and others (1993),2025-07-22
AZ000016,Safford,,,Calc-alkaline porphyry copper,Supergene,copper; sulfuric acid (1),antlerite; bornite; brochantite; chalcanthite; chalcocite; chalcopyrite; chrysocolla; copper; covellite; cuprite; malachite; pseudomalachite; pyrite; tenorite; tetrahedrite; turquoise,albite; alunite; augite; biotite; calcite; chlorite; epidote; galena; goethite; gold; halloysite; hematite; hornblende; jarosite; kaolinite; limonite; magnetite; molybdenite; montmorillonite; plagioclase; pyrite; quartz; sericite; sphalerite; titanite,"Pyrite is reported as the ore mineral of sulfuric acid; Safford includes the Dos Pobres, Lone Star, and San Juan deposits",Robinson and Cook (1966),(1) U.S. Army Corps of Engineers (2017),2025-06-20
AZ000017,Silver Bell,,,Calc-alkaline porphyry copper,Skarn; Supergene,copper; gold (1); lead (1); molybdenum; silver; zinc (1),azurite (1); bornite; chalcanthite; chalcocite; chalcopyrite; chrysocolla; copper; covellite; cuprite; digenite; galena; malachite; molybdenite; sphalerite; tenorite,actinolite; adularia (1); albite; alunite (1); andesine; andradite; apatite; barite; biotite; calcite; chlorite; diopside; epidote; fluorite; goethite; grossular; halloysite (1); hedenbergite; hematite; hornblende; illite; ilmenite (1); jarosite; kaolinite; leucoxene (1); limonite; magnetite; mica; montmorillonite (1); oligoclase; opal (1); orthoclase; plagioclase; pyrite; pyrrhotite; quartz; rutile (1); sanidine; sericite; serpentine; titanite; tremolite; vesuvianite; wollastonite; zircon,Deposit known as El Tiro; Gold and silver ore minerals not reported,Graybeal (1982),(1) Briggs (2017a),2025-06-26
AZ000018,Johnson Camp Mine,,,Magmatic hydrothermal replacement,Skarn; Supergene (1),copper; gold (2); lead (2); silver (2); zinc (2),aurichalcite (1); azurite; bornite; chalcocite; chalcopyrite; chrysocolla; copper; cuprite (1); galena; malachite; sphalerite (1); tetrahedrite (1),biotite (1); calcite (1); diopside (1); epidote (1); fluorite (1); forsterite (1); garnet (1); goethite; hematite (1); jarosite (1); limonite; magnetite (1); molybdenite (1); orthoclase; pyrite; pyrolusite (1); quartz; scheelite (1); tremolite (1); vesuvianite (1); wolframite (1); wollastonite (1),,Bikerman and others (2007),(1) Clayton (1978); (2) Zimmerman and others (2023),2025-06-26
AZ000019,Pinto Valley,,,Calc-alkaline porphyry copper,Skarn; Supergene,copper; gold; molybdenum; silver,chalcocite; chalcopyrite; molybdenite,biotite; calcite; chlorite; dickite; galena; garnet; goethite; hematite; hornblende; jarosite; kaolinite; magnetite; muscovite; orthoclase; plagioclase; pyrite; pyroxene; quartz; sericite; sphalerite,Gold and silver ore minerals not reported,Craig and others (2021),,2025-08-06
AZ000020,Iron King,,,Volcanogenic massive sulfide (VMS),,cadmium; copper; gold; lead; silver; zinc,chalcopyrite; galena; gold; silver; sphalerite; tennantite,arsenopyrite; carbonate; chlorite; iron oxides; pyrite; quartz; sericite,Cadmium ore mineral not reported,Gilmour and Still (1968),,2025-07-22
AZ000021,Ray,,,Calc-alkaline porphyry copper,Exotic (1); Magmatic hydrothermal breccia pipe (1); Supergene,copper (2); gold (2); silver (2),bornite; chalcocite; chalcopyrite; chrysocolla; copper; covellite; cuprite; silver; tennantite (3); tetrahedrite (3),albite; alunite; anhydrite (3); biotite; calcite; chlorite; epidote; galena; kaolinite; leucoxene; limonite; magnetite; molybdenite; montmorillonite; orthoclase; plagioclase; pyrite; quartz; rutile; sericite; sphalerite,Gold ore mineral not reported,Metz and Rose (1966),(1) Phillips and others (1974); (2) Cornwall and Banks (1977); (3) Sawyer and others (1993),2025-07-22
AZ000022,Cactus,,,Calc-alkaline porphyry copper,Supergene,copper (1); gold (1); silver (1),antlerite; atacamite; azurite; bornite; brochantite; chalcocite; chalcopyrite; chrysocolla; copper; covellite; cuprite; digenite; gold; malachite; metatorbernite; pseudomalachite; silver; tenorite (1),alunite; anhydrite; biotite; calcite; chlorite; goethite; hematite; jarosite; kaolinite; limonite (1); magnetite; molybdenite; neotocite; orthoclase; plagioclase; pyrite; quartz; sericite; sphalerite,,Cummings (1982),(1) Woodson and others (2024),2025-07-22
AZ000023,Cactus-Carlota,,,Exotic,Supergene,copper; silver,chalcocite; chrysocolla; malachite,biotite (1); chlorite (1); clay (1); hematite (1); limonite (1); muscovite (1); neotocite (1); pyrite (1); quartz (1); sericite (1),Silver ore mineral not reported,Briggs (2022),"(1) Independent Mining Consultants, Inc. (2005)",2025-06-26
CO000001,Henderson,,,Porphyry molybdenum,,molybdenum,molybdenite,albite; anorthite (1); apatite (1); barite; biotite; carbonate; chalcopyrite; clay; corundum (1); ferberite; fluorite; galena; garnet; hematite; hübnerite; illite; ilmenorutile; kaolinite; leucoxene; magnetite; monazite (1); montmorillonite; muscovite; plagioclase; potassium feldspar; pyrite; pyrrhotite; quartz; rhodochrosite; rutile; sericite; sphalerite; titanomaghemite; topaz; wolframite; zircon (1),,Seedorff and Einaudi (2004),(1) Carten and others (1988),2025-07-22
CO000002,Climax,,,Porphyry molybdenum,,molybdenum; pyrite (1); tin; tungsten,cassiterite; hübnerite; molybdenite; pyrite (1); wolframite,adularia (1); albite (1); allophane (1); andesine (1); apatite (1); biotite (1); chalcopyrite; fluorite; galena; hematite (1); hornblende (1); kaolinite; magnetite (1); monazite (2); montmorillonite; oligoclase (1); orthoclase (1); quartz; rhodochrosite; sericite; sphalerite; topaz,Produced approximately 150 tons of pyrite (1),Karl and others (2020),(1) Wallace and others (1960); (2) Ludington and Plumlee (2009),2025-08-06
CO000003,San Luis Mine,,,Magmatic hydrothermal replacement,,gold; lead; silver,acanthite; galena; gold,anatase; biotite; carbonate; chalcopyrite; chlorite; clay; covellite; fluorite; goethite; hematite; hornblende; magnetite; molybdenite; plagioclase; pyrite; pyrrhotite; quartz; sericite,,Benson and Jones (1990),,2025-07-22
CO000004,Eagle Mine,,,Magmatic hydrothermal replacement,,copper; gold; iron; lead; manganese; silver; zinc,acanthite; alaskaite; anglesite; bornite; braunite; cerussite; chalcanthite; chalcocite; chalcopyrite; chlorargyrite; covellite; dyscrasite; electrum; freibergite; freieslebenite; galena; goethite; gold; goslarite; hematite; hemimorphite; hessite; hydrozincite; magnetite; matildite; pearceite; petzite; polybasite; proustite; psilomelane; pyrargyrite; pyrolusite; siderite; silver; smithsonite; sphalerite; stephanite; stromeyerite; tennantite; tetrahedrite,alunite; apatite; arsenopyrite; barite; calcite; copiapite; coquimbite; dickite; dolomite; epsomite; ferberite; fibroferrite; gypsum; halloysite; jarosite; kaolinite; marcasite; melanterite; pyrite; pyrrhotite; quartz; romerite; sericite; szomolnokite; tetradymite,,Lovering and others (1978),,2025-08-15
CO000005,Idarado,,,Magmatic hydrothermal replacement,Skarn (1); Vein,copper; gold; lead; silver; zinc,bornite (2); chalcopyrite; freibergite (2); galena; gold (2); silver (2); sphalerite; tetrahedrite (2),actinolite (1); andradite (1); calcite; chlorite; clay; diopside (1); dolomite (1); epidote; feldspar; fluorite; grossular (1); hematite (1); magnetite (1); plagioclase (1); potassium feldspar; pyrite; quartz; rhodochrosite; rhodonite; sericite; tremolite (1),,Mayor and Fisher (1972),(1) Mayor and Fisher (1993); (2) King and Allsman (1950),2025-08-06
CO000006,Lower Beaver Creek,,,Placer,,gold; silver (1),gold,,Silver ore mineral not reported; Gangue_Min are unknown,Parker (1960),(1) Desborough and others (1970),2025-08-14
CO000007,Fairplay,,,Placer,,gold; silver,gold,clay; quartz,Silver ore mineral not reported,Parker (1960),,2025-07-23
CO000008,Alma,,,Placer,,gold; silver (1),gold,chlorite; epidote; feldspar; garnet; magnetite; quartz,Silver ore mineral not reported,Singewald (1950),(1) Desborough and others (1970),2025-07-23
CO000009,Twin Lakes,,,Placer,,gold; silver,gold,biotite; epidote; magnetite; quartz,Silver ore mineral not reported,Parker (1960),,2025-07-23
CO000010,Wilson,,,Placer,,gold,gold,clay; mica; quartz,,Singewald (1950),,2025-05-23
CO000011,Swan River,,,Placer,,gold; silver (1),gold,,Silver ore mineral not reported; Gangue_Min are unknown,Parker (1960),(1) Desborough and others (1970),2025-08-14
CO000012,French Gulch,,,Placer,,gold,gold,bismuth; clay; quartz,,Parker (1960),,2025-05-27
CO000013,Cripple Creek and Victor,,,Epithermal,,gold (1); silver (1),acanthite (2); calaverite (1); gold (2); hessite (2); krennerite (2); petzite (2); sylvanite (2),adularia (1); aegirine (1); analcime (1); anglesite (1); anhydrite (1); apatite (1); augite (1); biotite (1); celestine (1); chalcedony (1); chalcopyrite (1); chlorite (1); coloradoite (2); covellite (1); fluorite (1); galena (1); gold (3); hematite (1); hornblende (1); jarosite (1); limonite (1); magnetite (1); molybdenite (2); montmorillonite (1); nepheline (1); oligoclase (1); orthoclase (1); pyrite (1); pyroxene (1); pyrrhotite (1); quartz (1); roscoelite (3); rutile (1); sanidine (1); sericite (1); sodalite (1); sphalerite (1); titanite (1),,Colorado Air Pollution Control Division (2023),(1) Thompson and others (1985); (2) Hildebrand and Gott (1974); (3) Kelley and Ludington (2002),2025-07-24
KY000001,Mexico Kentucky Mill Property,,,Vein,,barite; fluorite; lead; zinc,barite; fluorite; galena; sphalerite,calcite,,Trace (1984),,2025-07-23
KY000002,Lafayette Fluorspar Co.,,,Vein,,barite; fluorite; lead; zinc,barite; fluorite; galena; sphalerite,calcite,,Trace (1984),,2025-07-23
KY000003,Hutson Mine,,,Vein,,zinc,sphalerite,calcite; marcasite; pyrite,,Oesterling (1952),,2025-04-04
KY000004,Pygmy Property,,,Vein,,barite; fluorite,barite; fluorite,calcite; iron oxides; quartz,Deposit known as the Pigmy Alluvial Barite-Fluorite Deposit,Tibbs (1961),,2025-04-04
KY000005,Babb-Barnes Property,,,Vein,,fluorite (1); zinc (1),fluorite; sphalerite,calcite; galena; pyrite; quartz,,U.S. Geological Survey (2016),(1) Pasminco (2001),2025-04-04
KY000006,Mico (Cook-Springs) Mine,,,Vein,,barite,barite,calcite; fluorite,,Kentucky Geological Survey (2024),,2025-04-04
KY000007,Lucile Mine,,,Vein,,fluorite; lead; zinc,fluorite; galena; sphalerite,,Gangue_Min are unknown,Kentucky Geological Survey (2024),,2025-08-14
MI000001,Humboldt Mine,,,Superior-type banded iron formation,,iron,hematite; magnetite,apatite; chloritoid; garnet; muscovite; quartz; sericite; tourmaline,,Anderson (1968),,2025-07-23
MI000001,Humboldt Mine,MI000001-001,Humboldt Tailings Disposal Facility,U-M conduit nickel-copper-PGE,Vein (1),copper; gold (1); nickel; silver (1),chalcopyrite; cubanite; gold (1); millerite; pentlandite; silver (1); tetrahedrite (1); violarite,galena (1); molybdenite (1); pyrite (1); pyrrhotite; quartz (1); scheelite (1); sphalerite (1); tourmaline (1),Humboldt Mill has been processing Eagle Mine tailings since 2014; Dep_Type_1 is that of the Eagle Mine; Dep_Type_2 is that of the Ropes Gold Mine (1),Burger and others (2018),(1) Broderick (1945),2025-08-05
MI000002,Gardner-Mackinaw Mines,,,Superior-type banded iron formation,,iron,goethite; hematite; magnetite,quartz,,U.S. Geological Survey (2016),,2025-02-28
MI000003,Republic Mine,,,Superior-type banded iron formation,,iron,goethite; magnetite; siderite,ankerite; calcite; greenalite; minnesotaite; quartz; stilpnomelane,,U.S. Geological Survey (2016),,2025-07-23
MI000004,Chase Mine,,,Superior-type banded iron formation,,iron,goethite; hematite; magnetite,quartz,,U.S. Geological Survey (2016),,2025-02-28
MI000005,Salisbury Mine,,,Superior-type banded iron formation,,iron,goethite; hematite; magnetite,quartz,,U.S. Geological Survey (2016),,2025-02-28
MI000006,Lake Angeline Mine,,,Superior-type banded iron formation,,iron,goethite; hematite; magnetite,quartz,,U.S. Geological Survey (2016),,2025-02-28
MI000007,Mitchell Mine,,,Superior-type banded iron formation,,iron,goethite; hematite; magnetite,quartz,,U.S. Geological Survey (2016),,2025-02-28
MI000008,Lake Superior Group Holmes Mine,,,Superior-type banded iron formation,,iron,goethite; hematite; magnetite,kaolinite; potassium feldspar; quartz,,U.S. Geological Survey (2016),,2025-04-03
MI000009,Tilden/Empire,,,Superior-type banded iron formation,,iron,goethite; hematite; magnetite; siderite,carbonate; chlorite; quartz,,SLR International Corp. (2021),,2025-06-23
MI000010,Redridge,,,Volcanic-hosted copper,,copper,copper,calcite; chlorite; datolite; epidote; hornblende; plagioclase; pumpellyite; pyroxene; quartz; serpentine,,Butler and Burbank (1929),,2025-08-14
MI000011,Blueberry Mine,,,Superior-type banded iron formation,,iron,goethite; hematite; magnetite,quartz,,U.S. Geological Survey (2016),,2025-04-03
MI000012,Princeton Mine,,,Superior-type banded iron formation,,iron,goethite; hematite; magnetite,quartz,,U.S. Geological Survey (2016),,2025-02-28
MI000013,Stephenson Mine,,,Superior-type banded iron formation,,iron,goethite; hematite; magnetite,quartz,,U.S. Geological Survey (2016),,2025-02-28
MI000014,Francis Mine,,,Superior-type banded iron formation,,iron,goethite; hematite; magnetite,quartz,,U.S. Geological Survey (2016),,2025-02-28
MI000015,Austin Mine,,,Superior-type banded iron formation,,iron,goethite; hematite; magnetite,quartz,,U.S. Geological Survey (2016),,2025-02-28
MI000016,White Pine,,,Sediment-hosted copper ± Co,,copper; silver,bornite; chalcocite; chalcopyrite; copper; covellite; digenite; enargite; silver,albite; amphibole; apatite; calcite; chlorite; galena; gold; greenockite; hematite; illite; ilmenite; ilmenorutile; iron hydroxides; montmorillonite; muscovite; orthoclase; plagioclase; pyrite; pyrrhotite; quartz; sphalerite; titanite; wurtzite; zircon,,Gignac and others (2019),,2025-08-14
MI000017,Baltic Mine Mill,,,Volcanic-hosted copper,,copper,copper,calcite; datolite; epidote; pumpellyite; quartz,,Butler and Burbank (1929),,2025-04-03
MT000001,Anaconda Smelter,,,Vein,,copper; gold; lead; manganese; silver; zinc,acanthite; bornite; chalcocite; chalcopyrite; colusite; covellite; digenite; djurleite; enargite; galena; rhodochrosite; sphalerite; tennantite,alunite; ankerite; apatite; calcite; chalcedony; chlorite; dickite; dolomite; epidote; fluorite; hornblende; illite; kaolinite; montmorillonite; plagioclase; potassium feldspar; pyrite; pyrophyllite; quartz; rutile; sericite; smectite; topaz; white mica; zunyite,Gold ore mineral not reported; Material reported from the Butte main stage veins,Reed and Dilles (2022),,2025-07-29
MT000002,Atlantic and Pacific Mine,,,Vein,,gold,gold (1); pyrite; silver (1),quartz,Pyrite reported as auriferous pyrite,Metesh and others (1998),(1) Winchell (1914),2025-08-04
MT000003,B and H Mill Tailings,,,Vein,,gold,,arsenopyrite; chalcopyrite; galena; pyrite; quartz; sphalerite,Gold ore mineral not reported,Metesh and others (1998),,2025-05-31
MT000004,Beal Mountain Mine,,,Skarn,,gold,gold; tellurides (1),actinolite (1); arsenopyrite; biotite (1); calcite (1); chalcopyrite; chlorite (1); diopside (1); garnet; hematite (1); hornblende (1); jarosite (1); kaolinite (1); limonite (1); molybdenite (1); nontronite (1); potassium feldspar (1); pyrite; pyrrhotite; quartz (1); scapolite (1); sericite (1); smectite (1); tremolite (1); vesuvianite,Tellurides reported as lead-bismuth tellurides (1),Gammons and others (2022),(1) Hastings and Harrold (1987),2025-07-24
MT000005,Berkley Pit,,,Vein,,copper; gold; lead; manganese; silver; zinc,acanthite; bornite; chalcocite; chalcopyrite; colusite; covellite; digenite; djurleite; enargite; galena; rhodochrosite; sphalerite; tennantite,alunite; ankerite; apatite; calcite; chalcedony; chlorite; dickite; dolomite; epidote; fluorite; hornblende; illite; kaolinite; montmorillonite; plagioclase; potassium feldspar; pyrite; pyrophyllite; quartz; rutile; sericite; smectite; topaz; white mica; zunyite,Gold ore mineral not reported; Material reported from the Butte main stage veins,Reed and Dilles (2022),,2025-08-04
MT000006,Blacktail (Linton),,,Magmatic hydrothermal replacement,,copper (1); lead (1); silver (1); zinc (1),cerussite; galena; malachite,dolomite; iron oxides,Silver ore mineral not reported,Marvin and others (1997),(1) Sahinen (1957),2025-07-24
MT000007,Block P Tailings,,,Vein,,copper; gold; lead; silver; zinc,chalcopyrite (1); galena (1); sphalerite (1); tetrahedrite (1),barite (1); calcite (1); quartz (1); rhodochrosite (1),Gold and silver ore minerals not reported,Klein (2004),(1) Hargrave and others (2000),2025-08-14
MT000008,Butte Highlands Mine,,,Skarn,,gold; silver (1),,actinolite; biotite; calcite; chalcopyrite; chlorite; diopside; dolomite; garnet; goethite; hematite; magnetite; molybdenite; muscovite; olivine; potassium feldspar; pyrite; pyrrhotite; quartz; serpentine; tremolite,Gold and silver ore minerals not reported,Gustin (2013),(1) Klein (2004),2025-08-14
MT000009,Butte Reduction Works,,,Vein,,copper (1); gold (1); lead (1); silver (1); zinc (1),acanthite; bornite; chalcocite; chalcopyrite; colusite; covellite; digenite; djurleite; enargite; galena; sphalerite; tennantite,alunite; ankerite; apatite; calcite; chalcedony; chlorite; dickite; dolomite; epidote; fluorite; hornblende; illite; kaolinite; montmorillonite; plagioclase; potassium feldspar; pyrite; pyrophyllite; quartz; rhodochrosite; rutile; sericite; smectite; topaz; white mica; zunyite,"Gold ore minerals not reported; Butte Reduction Works was in operation from 1883-1910, which processed material from the main stage veins (2)",Reed and Dilles (2022),(1) Long (1995); (2) Gammons and Kaplan (2024),2025-07-24
MT000010,Calvert Mine,,,Skarn,,tungsten,cuprotungstite (1); scheelite,actinolite; andradite (1); apatite; beryl (1); biotite (1); calcite; chalcopyrite (1); chlorite; diopside; epidote; forsterite; goethite (1); grossular; hematite; magnetite; molybdenite (1); muscovite; phlogopite; pyrite (1); pyrrhotite (1); quartz; rutile (1); titanite; zircon,,Karl and others (2020),(1) Gobla (2012),2025-08-14
MT000011,Carpenter Creek Tailings,,,Vein,,gold; lead; silver,galena; polybasite; pyrargyrite; silver,ankerite; barite; chalcopyrite; pyrite; quartz; sphalerite,Record represents the Neihart district,Albright (2004),,2025-08-04
MT000012,Charter Oak Mine,,,Vein,,copper; gold; lead; silver; zinc,boulangerite; galena; malachite; plumbojarosite; sphalerite,arsenopyrite; pyrite; quartz,Galena reported as silver-bearing; Gold and silver ore minerals not reported,Davis (2002),,2025-07-25
MT000013,Continental Mine,,,Calc-alkaline porphyry copper,Supergene,copper; molybdenum; silver,acanthite; bornite; chalcocite; chalcopyrite; chalcosiderite; covellite; digenite; enargite; molybdenite; stromeyerite; turquoise,anhydrite; apatite; biotite; chlorite; cryptomelane; goethite; hematite; hornblende; ilmenite; jarosite; limonite; magnesite; magnetite; muscovite; plagioclase; potassium feldspar; psilomelane; pyrite; quartz; sericite; titanite; tourmaline; uraninite; zircon,,Reed and Dilles (2022),,2025-08-14
MT000014,Elkhorn Mine and Mill,,,Vein,,copper; gold; lead; silver; zinc,chalcopyrite (1); galena (1); silver (1); sphalerite (2); tetrahedrite (1),molybdenite (2); pyrite (2); quartz (2); rhodochrosite (1); wolframite (1),Gold ore mineral not reported,Klein (2004),(1) Gobla (2012); (2) U.S. Forest Service (2016),2025-08-14
MT000015,Ermont Mine and Mill,,,Skarn,,copper; gold; silver,,andesine (1); augite (1); calcite (1); chlorite (1); halloysite (1); kaolinite (1); limonite (1); pyrite (1); quartz (1); stibnite (1),"Copper, gold, and silver ore minerals not reported",Klein (2004),(1) Kelly (1941),2025-07-25
MT000016,Flat Creek IMM,,,Vein,,copper; gold; lead; silver; zinc,boulangerite; chalcopyrite; galena; sphalerite,quartz; siderite,Gold and silver ore minerals not reported,Campbell (1960),,2025-07-25
MT000017,Forest Rose Mill,,,Magmatic hydrothermal replacement,,copper; gold; lead; silver; zinc,galena; sphalerite,calcite; pyrite; quartz,"Copper, gold, and silver ore minerals not reported; The Forest Rose Mill processed ore from the Wasta and Forest Rose mines",Madison and others (1998),,2025-07-28
MT000018,Frances Copper Mine,,,Other,,copper,azurite; chalcopyrite; malachite,clay; galena (1); quartz; sphalerite (1),"Deposit type is not clear, ""deposit is in a fault breccia within the quartz-rich clastic beds of the Ravalli Group""",Hargrave and others (2003),(1) Sahinen (1957),2025-08-06
MT000019,Garnet Gold Mine,,,Vein,,copper (1); gold (1); lead; silver,gold (1); pyrite (2); silver (1),biotite (1); epidote (1); hornblende (1); quartz (2),Copper and lead ore minerals not reported; Pyrite reported as auriferous pyrite (2),Klein (2004),(1) Tetra Tech (2010b); (2) Winchell (1914),2025-07-28
MT000020,Golden Sunlight,,,Magmatic hydrothermal breccia pipe,,copper; gold; pyrite (1); silver,acanthite (2); aikinite (2); bornite (2); buckhornite (2); calaverite (2); chalcanthite (2); chalcocite (2); chalcopyrite; covellite (2); digenite (2); electrum; friedrichite (2); gladite (2); gold; krennerite (2); krupkaite (2); lindstromite (2); petzite (2); pyrargyrite (2); pyrite; stannite (2); sylvanite (2); tennantite; tetrahedrite,arsenopyrite (2); barite (1); bismuthinite (2); calcite; coloradoite (2); dickite (2); dolomite (1); fluorapatite (2); fluorite (2); galena; gypsum (1); hematite (2); illite (1); kaolinite (2); magnesite (2); marcasite (2); melonite (2); microcline (2); molybdenite; muscovite (1); orthoclase (2); plagioclase (1); pyrolusite (2); pyrrhotite (2); quartz; rhodochrosite (2); rutile (2); sericite (1); siderite; sphalerite; strontianite (2); tellurium (2); tellurobismuthite (2); tetradymite (2),"Sulfide minerals, predominantly pyrite recovered as concentrate (1); Pyrite reported as auriferous pyrite (2)",Gammons and others (2022),(1) Montana Department of Environmental Quality (2021); (2) Spry and others (1997),2025-08-14
MT000021,Granite-Bimetallic Mine,,,Vein,,copper; gold; lead; manganese; silver; zinc,acanthite; azurite; bornite; cerussite; chalcocite; chalcophanite; chalcopyrite; chlorargyrite; chrysocolla; covellite; cryptomelane; galena; hetaerolite; malachite; nsutite; polybasite; proustite; pyrargyrite; pyrolusite; pyromorphite; rhodochrosite; silver; sphalerite; tennantite; tetrahedrite,ankerite; arsenopyrite; barite; calcite; dolomite; feldspar; goethite; marcasite; mica; orpiment; pyrite; quartz; realgar; stibnite,Gold ore mineral not reported,Prinz (1967),,2025-07-29
MT000022,Hidden Lake Mill,,,Vein,,gold,,iron oxides (1); quartz (1),"Gold ore mineral not reported; Trace of silver reported (1), but not included in record",Klein (2004),(1) Madison and others (1998),2025-08-15
MT000023,Iron Rod,,,Vein,,copper; gold; lead; silver; zinc,azurite (1); bornite (1); cerussite (1); chrysocolla (1); galena (1); gold (1); malachite (1); pyromorphite (1); smithsonite (1); vanadinite (1),calcite (1); chlorite (1); epidote (1); garnet (1); hematite (1); limonite (1); magnetite (1); pyrite (1); quartz (1); serpentine (1); siderite (1),Silver ore mineral not reported,Klein (2004),(1) Winchell (1914),2025-08-14
MT000024,Landusky,,,Vein,,gold; silver,acanthite; gold; hessite; pyrite,biotite; calcite; chalcopyrite; dolomite; fluorite; freibergite; galena; goethite; halloysite; hematite; hornblende; illite; jarosite; kaolinite; marcasite; montmorillonite; orthoclase; quartz; sanidine; sphalerite,Pyrite reported as Au-bearing pyrite,Wilson and Kyser (1988),,2025-08-06
MT000025,Montana Tunnels,,,Magmatic hydrothermal breccia pipe,,gold; lead; silver; zinc,electrum (1); galena (1); sphalerite (1); tetrahedrite (1),biotite (1); calcite (1); chalcocite (1); chalcopyrite (1); chlorite (1); jarosite (1); kaolinite (1); molybdenite (1); montmorillonite (1); muscovite (1); plagioclase (1); pyrite (1); quartz (1); sericite (1); siderite (1),Electrum is reported as gold and silver bearing; Tetrahedrite is reported as silver bearing,Klein (2004),(1) Sillitoe and others (1985),2025-08-14
MT000026,Pittsmont Mine,,,Vein,,copper; gold; lead; manganese; silver; zinc,acanthite; bornite; chalcocite; chalcopyrite; colusite; covellite; digenite; djurleite; enargite; galena; rhodochrosite; sphalerite; tennantite,alunite; ankerite; apatite; calcite; chalcedony; chlorite; dickite; dolomite; epidote; fluorite; hornblende; illite; kaolinite; montmorillonite; plagioclase; potassium feldspar; pyrite; pyrophyllite; quartz; rutile; sericite; smectite; topaz; white mica; zunyite,Gold ore mineral not reported; Material reported from the Butte main stage veins,Reed and Dilles (2022),,2025-08-04
MT000027,Regal Mine,,,Other,,talc,talc,ankerite; biotite; calcite; chlorite; chrysotile; garnet; graphite; iron oxides; magnesite; muscovite; pyrite; quartz; serpentine; siderite; sillimanite; tremolite,Talc deposit type not know,Montana Department of Environmental Quality (2020),,2025-07-29
MT000028,Snowbird Mine,,,Magmatic hydrothermal breccia pipe,,fluorite (1),fluorite,ankerite; biotite (1); calcite; dolomite; gersdorffite; millerite; parisite; pyrite; quartz; scapolite (1); sericite (1); siderite (1); tourmaline (1); xenotime; zircon (1),Produced metallurgical grade fluorspar (1); Calcite is reported as iron bearing,Metz and others (1985),(1) Sahinen (1962),2025-08-04
MT000029,Zortman,,,Vein,,gold; silver,acanthite; gold; hessite; pyrite,biotite; calcite; chalcopyrite; dolomite; fluorite; freibergite; galena; goethite; halloysite; hematite; hornblende; illite; jarosite; kaolinite; marcasite; montmorillonite; orthoclase; quartz; sanidine; sphalerite,Pyrite reported as Au-bearing pyrite,Wilson and Kyser (1988),,2025-08-06
NC000001,Nutrien Aurora,,,Phosphorite,,phosphate rock,apatite; fluorapatite,calcite; garnet; ilmenite; quartz,,Kremmel (2010),,2025-08-05
NC000002,Ore Knob Mine,,,Volcanogenic massive sulfide (VMS),,copper; gold; silver,bornite; chalcopyrite,actinolite; albite; biotite; calcite; chlorite; clinozoisite; epidote; galena; garnet; hornblende; magnetite; muscovite; oligoclase; pyrite; pyrrhotite; quartz; sphalerite; tourmaline; zoisite,Gold and silver ore minerals not reported,Kinkel (1967),,2025-08-06
NC000003,Tungsten Queen Mine,,,Vein,,copper (1); silver (1); tungsten (1),bornite; chalcopyrite; hübnerite; scheelite; tetrahedrite,apatite; beryl; calcite; dolomite; fluorite; galena; garnet; gold; molybdenite; muscovite; pyrite; quartz; rhodochrosite; sericite; sphalerite; topaz,,Foose and others (1980),(1) Chaumba and others (2015),2025-08-07
NC000004,Hallman-Beam Mine,,,Pegmatite,,lithium (1),spodumene,albite; beryl; biotite; calcite; cassiterite; chlorite; chrysoberyl; fairfieldite; fluorapatite; garnet; holmquistite; hornblende; messelite; muscovite; oligoclase; plagioclase; pyrrhotite; quartz; titanite; triphylite; vivianite,,Swanson (2012),(1) Karl and others (2019),2025-08-07
NC000005,Kings Mountain H1 Mine,,,Pegmatite,,mica,mica,quartz,,Crouse (2013),,2025-08-07
NC000006,Cranberry Mine,,,Iron oxide-apatite (IOA),,iron,magnetite,actinolite; allanite (1); apatite; biotite; calcite; chalcopyrite; epidote; garnet; gypsum (2); hedenbergite; hematite; hornblende (3); ilmenite; microcline; molybdenite (1); muscovite (3); plagioclase; pyrite; pyrrhotite; quartz; sphalerite; stilpnomelane; titanite,,Feiss and others (1983),(1) Bayley (1923); (2) Kline and Ballard (1948); (3) Craig and others (2011),2026-01-22
NC000007,Kings Mountain Mine - West,,,Pegmatite,,feldspar; lithium; mica,albite (1); biotite (1); spodumene (1),apatite (1); axinite-(Fe) (1); bertrandite (1); beryl (1); bikitaite (1); cassiterite (1); clinozoisite (1); eosphorite (1); epidote (1); eucryptite (1); fairfieldite (1); fluorapatite (1); grossular (1); holmquistite (1); lithiophilite (1); lithiophosphate (1); phosphates (1); pyrrhotite (1); quartz (1); rhodochrosite (1); roscherite (1); siderite (1); spessartine (1); switzerite (1); tantalite-(Fe) (2); tetrawickmanite (1); vivianite (1); zircon (1),"Albite is the related ore mineral for feldspar, and biotite is the related ore mineral of mica",Horton and others (1981),(1) White (1981); (2) Broadhurst (1956),2025-08-07
NC000008,Hillsborough Mine,,,High-sulfidation (HS) epithermal,,andalusite (1); pyrophyllite (1),andalusite (1); pyrophyllite (1),diaspore (1); goethite (1); lazulite (1); pyrite (1); quartz (1); rutile (1); sericite (1); topaz (1),Andalusite and prophyllite exploited for refractory bricks and blocks (1),Schmidt and others (2006),(1) Gay (2006),2025-08-07
NC000009,Brushy Creek Mine,,,Pegmatite,,feldspar (1); mica (1); quartz (1),feldspar (1); mica (1); quartz (1),,Gangue_Min are unknown,Swanson (2008),(1) Sibelco (2024),2025-08-14
NC000010,Chalk Mountain Mine,,,Pegmatite,,feldspar; mica; quartz,albite (1); biotite (1); microcline (1); muscovite (1),allanite (1); almandine (1); autunite (1); clinozoisite (1); gahnite (1); malachite (1); metatorbernite (1); opal (1); parauranophane (1); torbernite (1); uranophane (1),"Feldspar ore minerals reported are albite, and microcline; Mica ore minerals reported are biotite, and muscovite; Quartz ore mineral not reported",Freeman (2007),(1) Mindat (2024),2025-08-11
NC000011,Peachbottom Mine,,,Vein,,copper; lead; silver,bornite; chalcopyrite; galena,barite; calcite; hornblende; mica; molybdenite; plagioclase; pyrite; pyrrhotite; quartz; sphalerite,Galena reported as silver-bearing,Ross (1935),,2025-08-11
NC000012,Ray Mica Mine,,,Pegmatite,,feldspar (1); mica (1); quartz (1),albite (2); biotite (2); lepidolite (2); microcline (2); muscovite (1); quartz (1),almandine (2); apatite (2); autunite (2); beryl (2); columbite-(Fe) (2); elbaite (2); ferberite (2); fluorite (2); goethite (2); kyanite (2); limonite (2); molybdenite (2); monazite (2); oligoclase (2); opal (2); pollucite (2); pyrite (2); rutile (2); schorl (2); spessartine (2); sphalerite (2); tapiolite-(Fe) (2); torbernite (2); zircon (2),"Feldspar ore minerals reported are albite, lepidolite, and microcline; Mica ore minerals reported are biotite, and muscovite",Parker (1944),(1) North Carolina Geologic Survey Mineral Resource Data System (2024); (2) Streeter (2008),2025-08-11
NC000013,Union Copper Mine,,,Volcanogenic massive sulfide (VMS),,copper; gold,azurite; chalcocite; chalcopyrite; copper; cuprite; malachite,aguilarite; albite; arsenopyrite; barite; biotite; calcite; chlorite; galena; magnetite; microcline; orthoclase; plagioclase; pyrite; pyrrhotite; quartz; sericite; sphalerite; talc,Gold ore mineral not reported,Moye (2016a),,2025-08-15
NC000014,Honeycutt Shaft/Old Field Diggings,,,Vein,,gold,,chalcopyrite; pyrite; quartz,Gold ore mineral not reported,Moye (2016b),,2025-08-11
NC000015,Coggins Mine,,,Vein,,gold (1),pyrite (1),calcite (1); chalcopyrite (1); pyrrhotite (1),Pyrite reported as gold bearing (1),North Carolina Geologic Survey Mineral Resource Data System (2024),(1) Carpenter (1976),2025-08-11
NC000016,Cagle Mine,,,Vein,,gold; silver,,quartz,Gold and silver ore minerals not reported,Carpenter (1976),,2025-08-11
NC000017,Robbins Mine,,,Other,,talc,,sericite,Talc deposit type not know; Talc ore mineral not reported,North Carolina Geologic Survey Mineral Resource Data System (2024),,2025-08-12
NC000018,Dry Creek Mine,,,Other,,talc,pyrophyllite,,Talc deposit type not know; Gangue_Min are unknown,North Carolina Geologic Survey Mineral Resource Data System (2024),,2025-08-14
NC000019,Iola Mine,,,Vein,,gold,gold,calcite; chalcedony; chlorite; pyrite; quartz; sericite,,Carpenter (1976),,2025-08-12
NC000020,Conrad Hill Mine,,,Vein,,gold,,brochantite; chalcopyrite; chlorite; malachite; quartz; sericite; siderite,Gold ore mineral not reported,Carpenter (1976),,2025-08-12
NC000021,Glendon Mine,,,Other,,talc,pyrophyllite,chloritoid; quartz; sericite,Talc deposit type not know,North Carolina Geologic Survey Mineral Resource Data System (2024),,2025-08-12
NC000022,Silver Valley Mine,,,Vein,,gold; lead; silver; zinc,galena; sphalerite,calcite; chalcocite; chalcopyrite; chlorite; covellite; malachite; muscovite; pyrite; quartz; sericite,Gold and silver ore minerals not reported,Carpenter (1976),,2025-08-12
NC000023,Hawkins Mine,,,Pegmatite,,feldspar; mica; quartz,albite; biotite; muscovite; quartz,apatite; beryl; epidote; garnet; zircon,"Feldspar ore mineral reported are albite; Mica ore minerals reported are biotite, and muscovite",Swanson (2008),,2025-08-13
NC000024,Bessemer City Quarry,,,Pegmatite,,lithium (1),spodumene,albite; beryl; biotite; calcite; cassiterite; chlorite; chrysoberyl; fairfieldite; fluorapatite; garnet; holmquistite; hornblende; messelite; muscovite; oligoclase; plagioclase; quartz; titanite; triphylite,Fluorapatite reported as Mn-bearing,Swanson (2012),(1) Karl and others (2019),2025-08-13
NC000025,Silver Hill Mine,,,Volcanogenic massive sulfide (VMS),,gold (1); lead; silver; zinc,cerussite (1); galena; hemimorphite (1); pyromorphite (1); silver; sphalerite,actinolite (1); arsenopyrite (1); brochantite (1); calcite; chalcocite (1); chalcopyrite; chlorite; chrysocolla (1); dolomite (1); epidote; goethite (1); malachite (1); pyrite; pyrrhotite; quartz (1); sericite (1); tremolite (1),"Gold ore mineral not reported, but is reported as being present in the ore, likely occurs within the sulfides",Jones and Kiff (1973),(1) Carpenter (1976),2025-08-13
NM000001,Tyrone,,,Calc-alkaline porphyry copper,Supergene,copper; gold (1); silver (1),anilite; azurite; bornite (2); brochantite (2); chalcanthite (2); chalcocite; chalcopyrite; chlorargyrite (2); chrysocolla; copper; covellite (2); cuprite; delafossite; djurleite; gold (2); malachite; metatorbernite (2); silver (2); tenorite; torbernite (2); turquoise,albite; alunite; apatite; autunite (2); barite (2); bassetite (2); biotite; bismuth (2); bismuthinite (2); bismutite (2); calcite (2); chlorite; clay; epidote (2); fluorite; galena (2); hematite; hornblende (2); illite; jarosite (2); kaolinite; limonite; magnetite; manganese oxides (2); molybdenite; muscovite (2); oligoclase; orthoclase; plagioclase; potassium feldspar; pyrite; quartz; sericite; sphalerite; titanite; uraninite (2),,Duhamel and others (1995),(1) North and McLemore (1986); (2) Hedlund (1985),2024-11-25
NM000002,Continental Mine,,,Skarn,Calc-alkaline porphyry copper; Magmatic hydrothermal breccia pipe; Supergene,copper; iron,bornite; chalcocite; chalcopyrite; goethite; hematite; limonite; magnetite; valleriite,actinolite; albite; biotite; brucite; calcite; chlorite; chondrodite; clay; clinopyroxene; diopside; epidote; forsterite; galena; garnet; humite; jarosite; magnesite; molybdenite; periclase; phlogopite; potassium feldspar; pyrite; quartz; sericite; serpentine; sphalerite; spinel; talc; tremolite; wollastonite,,Hillesland and others (1995),,2024-11-25
NM000003,Chino,,,Calc-alkaline porphyry copper,Skarn; Supergene,copper; gold; molybdenum; silver,azurite; bornite; chalcocite; chalcopyrite; chrysocolla; copper; covellite; cuprite; gold; libethenite; malachite; molybdenite; paramelaconite; silver; turquoise,actinolite; alunite; andesine; apatite; biotite; chlorite; epidote; galena; garnet; goethite; gypsum; hedenbergite; hematite; hornblende; ilvaite; jarosite; kaolinite; magnetite; marcasite; montmorillonite; orthoclase; plagioclase; pyrite; pyroxene; pyrrhotite; quartz; sericite; siderite; sphalerite; tremolite,Deposit known as Santa Rita,Karl and others (2022),,2025-08-18
NM000004,Questa,,,Porphyry molybdenum,,molybdenum,molybdenite,albite; alunite; andesine; anhydrite; barite; bassanite; biotite; calcite; chalcopyrite; chlorite; dolomite; epidote; feldspar; fluorite; galena; goethite; gypsum; hematite; illite; jarosite; kaolinite; magnetite; microcline; oligoclase; phlogopite; phosphates; plagioclase; potassium feldspar; pyrite; pyrophyllite; pyrrhotite; quartz; rhodochrosite; rutile; sanidine; sericite; smectite; sphalerite; topaz,,Ludington and others (2005),,2025-06-12
NM000005,Bluewater,,,Sandstone uranium,,uranium; vanadium (1),autunite; becquerelite; carnotite; coffinite; meta-autunite; metatorbernite; metatyuyamunite; phosphuranylite; schoepite; sklodowskite; soddyite; tyuyamunite; uraninite; uranophane,albite (2); anatase (2); biotite (2); calcite; feldspar; garnet (2); hematite (2); illite (2); ilmenite (2); kaolinite; leucoxene (2); limonite; magnetite (2); microcline (2); montmorillonite (2); plagioclase (2); potassium feldspar (2); pyrite; quartz; sanidine (2); siderite (2); tourmaline (2); zircon (2),,Kittel (1963),(1) McLemore and others (2021); (2) Adams and others (1978),2025-06-12
NM000006,Cunningham Hill Mine,,,Magmatic hydrothermal breccia pipe,,gold,calaverite; gold; petzite,benjaminite; bornite; calcite; chalcopyrite; chlorite; digenite; enargite; epidote; galena; hematite; kaolinite; magnetite; microcline; molybdenite; orthoclase; plagioclase; potassium feldspar; pyrite; quartz; rutile; sanidine; scheelite; sericite; siderite; sphalerite; sulfosalts; tellurobismuthite; tetradymite; tetrahedrite,,Maynard (2014),,2025-06-12
NM000007,Saunders Mine,,,Evaporite,,potash,langbeinite; sylvite,anhydrite; blodite; carnallite; dolomite; glauberite; halite; illite; kainite; kaolinite; kieserite; leonite; magnesite; montmorillonite; polyhalite,,Simmons (2013),,2025-08-07
NM000008,Intrepid Potash,,,Evaporite,,magnesium; magnesium chloride; potash; potassium; salt; sulfur,halite; langbeinite; sylvite,anhydrite; carnallite; hematite; kainite; kieserite; leonite; montmorillonite; polyhalite,"Mine ore used in producing potassium, magnesium, and sulfur under the Intrepid Potash, Inc. brand name Trio","Intrepid Potash, Inc. (2024)",,2025-06-12
NM000009,HB Mine,,,Evaporite,,potash; salt,halite; langbeinite; sylvite,anhydrite; blodite; carnallite; dolomite; glauberite; illite; kainite; kaolinite; kieserite; leonite; magnesite; montmorillonite; polyhalite,,Simmons (2013),,2025-06-25
NM000010,Amax Mine,,,Evaporite,,potash,langbeinite; sylvite,anhydrite; blodite; carnallite; dolomite; glauberite; halite; illite; kainite; kaolinite; kieserite; leonite; magnesite; montmorillonite; polyhalite,,Simmons (2013),,2025-08-07
NM000011,Mosaic Potash Carlsbad,,,Evaporite,,potash,langbeinite; sylvite (1),anhydrite (1); blodite (1); carnallite (1); dolomite (1); glauberite (1); halite (1); illite (1); kainite (1); kaolinite (1); kieserite (1); leonite (1); magnesite (1); montmorillonite (1); polyhalite (1),Mine ore used in producing double sulfate of potash magnesia (langbeinite) product under the Mosaic Co. brand name K-Mag,The Mosaic Company (2024),(1) Simmons (2013),2025-06-25
NM000012,Copper Flat,,,Magmatic hydrothermal breccia pipe,Alkaline porphyry copper,copper; gold; silver,bornite; chalcocite; chalcopyrite; copper oxides; digenite; gold,aluminoceladonite (1); andesine; anhydrite; ankerite (1); apatite; biotite; calcite; carbonate; chlorite; epidote; fluorite; galena; hornblende; illite (1); kaolinite; magnetite; molybdenite; muscovite; phengite (1); phlogopite; potassium feldspar; pyrite; quartz; rhodochrosite (1); rutile; sericite; sphalerite; titanite (1); zircon,Silver ore mineral not reported,Zimmerman and others (2020),(1) Wallace and Maher (2019),2025-08-06
NV000001,Weepah,,,Orogenic,,gold (1); silver (1),gold (1),calcite; chalcopyrite (1); chlorite; epidote; hematite; illite; pyrite (1); quartz; sericite; smectite,Silver ore mineral not reported,Dufresne (2022),(1) Price (2016),2025-08-13
NV000002,Fondaway Canyon,,,Orogenic,,antimony; gold; mercury; tungsten,electrum; gold; scheelite; stibnite; tetrahedrite,arsenopyrite; calcite; chalcopyrite; chlorite; galena; graphite; illite; magnesite; muscovite; pyrite; quartz; rutile; sericite; siderite; sphalerite; sulfosalts; tennantite; tourmaline; zircon,Mercury ore mineral not reported,Norred and Henderson (2017),,2025-08-13
NV000003,Buena Vista Mine and Mill Site,,,Metasomatic iron,,iron,hematite; limonite; magnetite,actinolite (1); albite (1); amphibole (1); analcime (1); apatite (1); barite (1); calcite; chalcopyrite (1); chlorite (1); clinopyroxene; coulsonite (1); dolomite (1); feldspar (1); halite (1); hornblende; marialite (1); oligoclase (1); pyrite (1); quartz (1); rutile (1); scapolite; siderite (1); titanite (1),,Sylvester and others (2013),(1) Johnson and Barton (2000),2025-08-13
NV000004,Hobble Creek Mine and Mill,,,Low-sulfidation (LS) epithermal,,gold,tetrahedrite,galena; hornblende; quartz; sericite,"Tetrahedrite is understood to be the ore mineral of gold, even though Au is not within the chemical formula",Brook (2010),,2025-08-13
NV000005,Pine Grove,,,Intrusion-related gold,,gold,gold,actinolite; albite; allanite; apatite; biotite; chalcopyrite; chlorite; epidote; hornblende; ilmenite; magnetite; microcline; pyrite; pyrrhotite; quartz; sericite; titanite; zircon,,Maloney and others (2015),,2025-08-13
NV000006,B and B Mercury Mine,,,Other,,mercury,cinnabar,biotite (1); clinopyroxene (1); hornblende (1); hypersthene (1); oligoclase (1); plagioclase (1); quartz (1); sanidine (1),The deposit is reported as an opalite type,Albers and Stewart (1972),(1) Bateman (1988),2025-08-15
NV000007,Paradise Peak,,,High-sulfidation (HS) epithermal,,gold; mercury; silver,acanthite; argentojarosite; calaverite; chlorargyrite; cinnabar; gold; krennerite; petzite; silver; tetrahedrite,alunite; anatase; anhydrite; arsenopyrite; barite; bismuthinite; chalcopyrite; chlorite; covellite; cristobalite; famatinite; feldspar; galena; gypsum; hematite; jarosite; kaolinite; limonite; magnetite; marcasite; molybdenite; pyrite; quartz; smectite; sphalerite; stibnite; tourmaline,,Sillitoe and Lorson (1994),,2025-08-15
NV000008,Ketchup Flat,,,High-sulfidation (HS) epithermal,,gold; silver,acanthite; argentojarosite; calaverite; chlorargyrite; gold; krennerite; petzite; silver; tetrahedrite,alunite; anatase; anhydrite; arsenopyrite; barite; bismuthinite; chalcopyrite; chlorite; covellite; cristobalite; famatinite; feldspar; galena; gypsum; hematite; jarosite; kaolinite; limonite; magnetite; marcasite; molybdenite; pyrite; quartz; smectite; sphalerite; stibnite; tourmaline,,Sillitoe and Lorson (1994),,2025-08-15
NV000009,Minnesota Mine,,,Metasomatic iron,,copper (1); iron,chalcopyrite; hematite; limonite (1); magnetite,actinolite (1); albite (1); andesine (1); antigorite (1); apatite (1); augite (1); biotite (1); calcite (1); chalcedony (1); chlorite; chrysotile (1); dolomite; enstatite (1); epidote (1); hornblende (1); labradorite (1); leucoxene (1); magnesite; malachite; oligoclase (1); orthoclase (1); plagioclase (1); pyrite; pyroxene (1); quartz (1); sericite; serpentine (1); titanite (1); tremolite (1); vesuvianite (1); wollastonite (1); zeolite (1); zircon (1),,Lowe and others (1985),(1) Reeves and others (1958),2025-08-13
NV000010,Argentum Mill,,,Evaporite,,borates; gold (1); silver (1),borax; gold (1); silver (1); ulexite,calcite; halite,,Papke (1987),"(1) Weston Solutions, Inc. (2014)",2025-08-13
NV000011,Big Mike Mine,,,Volcanogenic massive sulfide (VMS),,copper,azurite (1); bornite (1); chalcocite (1); chalcopyrite (1); chrysocolla (1); copper (1); covellite (1); cuprite (1); delafossite (1); digenite (1); djurleite (1); malachite (1); tenorite (1),anatase (1); calcite (1); chlorite (1); feldspar (1); galena (1); goethite (1); gold (1); graphite (1); gypsum (1); hematite (1); jarosite (1); kaolinite (1); olivine (1); pyrite (1); pyroxene (1); quartz (1); rutile (1); sericite (1); silver (1); sphalerite (1); white mica (1),,U.S. Army Corps of Engineers (2019),(1) Ympa (1969),2025-08-13
NV000012,Wind Mountain Mine,,,Intermediate-sulfidation (IS) epithermal,Low-sulfidation (LS) epithermal,gold; silver,electrum,calcite; cinnabar; goethite; hematite; jarosite; marcasite; pyrite; quartz; sulfur,Silver ore mineral not reported,Ristorcelli and Dyer (2015),,2025-08-13
NV000013,Nivloc Mine,,,Low-sulfidation (LS) epithermal,,gold; silver,acanthite; bromargyrite; chlorargyrite; electrum; gold; iodargyrite,adularia; barite; calcite; carbonate; galena; gypsum; manganese oxides; pyrite; quartz; sphalerite,,Sears and others (2012),,2025-08-13
NV000014,Candelaria Mine,,,Magmatic hydrothermal replacement,,gold; silver,acanthite; chlorargyrite; electrum; gold; pyrargyrite; silver; stephanite; tetrahedrite,anglesite; ankerite; arsenopyrite; barite; bindheimite; bournonite; calcite; cerussite; chalcopyrite; covellite; dolomite; fluorite; galena; goethite; hematite; jamesonite; jarosite; limonite; melanterite; pyrite; quartz; rhodochrosite; sericite; serpentine; siderite; smithsonite; sphalerite; stibnite,,McCrea (2020),,2025-08-13
NV000015,Monte Cristo,,,Intermediate-sulfidation (IS) epithermal,Low-sulfidation (LS) epithermal,gold; silver,acanthite; chlorargyrite (1); gold (1); sulfosalts; tetrahedrite,adularia; alunite; calcite; chalcopyrite; chlorite; galena; illite; jarosite; potassium feldspar; pyrite; quartz; sericite; sphalerite; sulfur,Lode characteristic of intermediate-sulfidation epithermal deposit and veins are characteristic of low-sulfidation epithermal deposit,Preuss (2010),(1) Albers and Stewart (1972),2025-08-15
OK000001,Tar Creek,,,Mississippi Valley-type (MVT),,lead (1); zinc (1),galena (1); sphalerite (1),barite (1); calcite (1); chalcopyrite (1); dolomite (1); enargite (1); luzonite (1); marcasite (1); pyrite (1); quartz (1),Site is part of the Picher Field in the Tri-State district,Lasmanis (1997),(1) McKnight and Fischer (1970),2025-05-24
OK000002,Creta,,,Sediment-hosted copper ± Co,,copper; silver,chalcocite; malachite (1),calcite; clay; dolomite; quartz,Silver ore mineral not reported,Johnson (1976),(1) U.S. Geological Survey (2016),2025-08-07
UT000001,Mercur,,,Carlin-type,Magmatic hydrothermal breccia pipe,gold; mercury; silver,arsenian pyrite (1); cinnabar; gold; silver,anorthoclase; apatite (1); barite; biotite; calcite; fangite; gillulyite; gypsum; halloysite; hematite; kaolinite; limonite; lorandite (1); magnetite; marcasite; melanterite; orpiment; pyrite; quartz; realgar; rozenite; sanidine; scorodite; sericite; stibiconite; stibnite,Arsenian pyrite reported as host of gold (1),Kerr (1998),(1) Krahulec (2011),2025-08-05
UT000002,Bingham,,,Calc-alkaline porphyry copper,Magmatic hydrothermal replacement; Skarn; Vein,copper; gold; lead; molybdenum; palladium (1); platinum (1); rhenium (2); selenium (1); silver; tellurium (1); uranium (2); zinc (3),bornite; chalcocite; chalcopyrite; digenite; enargite; galena; gold; molybdenite; nukundamite; silver; tennantite; tetrahedrite,actinolite; albite; andalusite; andradite; anhydrite; apatite; apophyllite; barite; biotite; calcite; chlorite; diopside; dolomite; epidote; gypsum; hematite; hornblende; illite; kaolinite; limonite; magnetite; marcasite; montmorillonite; opal; orthoclase; plagioclase; pyrite; pyrrhotite; quartz; rhodochrosite; sericite; siderite; smectite; stilbite; talc; tremolite; vesuvianite; wollastonite,"Palladium, platinum, rhenium, selenium, tellurium, uranium, and zinc ore minerals not reported",Karl and others (2022),(1) Mills and Rupke (2023); (2) Krahulec (2018a); (3) Tomlinson and others (2021),2025-08-05
UT000003,Lisbon Valley,,,Sediment-hosted copper ± Co,,copper,azurite; bornite; brochantite (1); chalcocite; chalcopyrite; copper; covellite; cuprite; digenite (1); djurleite; malachite; tenorite,barite (1); calcite; celestine (1); clay; dolomite; feldspar; galena; goethite (1); hematite; illite; jarosite (1); kaolinite; manganese oxides (1); marcasite (1); pyrite; quartz; siderite; smectite; sphalerite,,Hahn and Thorson (2005),(1) Morrison and Parry (1986),2025-06-12
UT000004,Iron Mountain,,,Magmatic hydrothermal replacement,Magmatic hydrothermal breccia pipe (1); Placer; Vein,iron,goethite (1); hematite; limonite (1); magnetite,actinolite (1); albite (1); andradite (1); ankerite (1); apatite; aragonite (1); azurite (1); barite (1); biotite (1); bornite (1); calcite; chalcopyrite; chlorapatite (1); chlorite; chrysocolla (1); cinnabar (1); clay (1); copper (1); cuprite (1); diopside (1); dolomite (1); dufrenite (1); epidote (1); fluorapatite (1); forsterite; galena (1); garnet; grossular; gypsum (1); hedenbergite (1); hornblende (1); isoclasite (1); katoite (1); lepidocrocite (1); maghemite (1); magnesite (1); malachite (1); marcasite (1); melanterite (1); mimetite (1); muscovite; olivine (1); phlogopite; phosphosiderite (1); pyrite; quartz; rhodochrosite (1); rockbridgeite (1); scapolite; scolecite (1); sericite; siderite (1); spinel (1); strengite (1); tenorite (1); titanite (1); tourmaline (1); tremolite (1); vesuvianite (1); wollastonite,"Iron ore minerals only include goethite, hematite, limonite, and magnetite other iron bearing minerals reported are considered gangue minerals",Swanson and others (2009),(1) Bullock (1970),2025-08-06
UT000005,Pioche Mines,,,Magmatic hydrothermal replacement,Magmatic hydrothermal breccia pipe; Placer; Vein,iron,goethite; hematite; limonite; magnetite,actinolite; albite; andradite; ankerite; apatite; aragonite; azurite; barite; bornite; calcite; chalcopyrite; chlorapatite; chlorite; chrysocolla; cinnabar; copper; cuprite; diopside; dolomite; dufrenite; epidote; fluorapatite; galena; garnet; gypsum; hedenbergite; isoclasite; lepidocrocite; maghemite; magnesite; malachite; marcasite; melanterite; mimetite; muscovite; olivine; phlogopite; phosphosiderite; plagioclase; pyrite; quartz; rhodochrosite; rockbridgeite; scapolite; scolecite; siderite; spinel; strengite; tenorite; titanite; tourmaline; tremolite; vesuvianite; wollastonite,"Iron ore minerals only include goethite, hematite, limonite, and magnetite other iron bearing minerals reported are considered gangue minerals",Bullock (1970),,2025-08-06
UT000006,Richardson Flat,,,Vein,Magmatic hydrothermal replacement,copper; gold; lead; silver; zinc,acanthite; anglesite; azurite; bindheimite; boulangerite; bournonite; cerussite; chlorargyrite; chrysocolla (1); enargite; famatinite (1); galena; jamesonite; malachite; massicot; matildite; mimetite; silver; smithsonite; sphalerite; tennantite; tetrahedrite,anhydrite; biotite; calcite; chalcopyrite; chlorite; diopside; epidote; hematite; hornblende; manganese oxides; phlogopite; plagioclase; pyrite; quartz; rhodochrosite; rhodonite; sulfosalts; wollastonite,,Bromfield (1989),(1) Wilson (1959),2025-06-25
UT000007,Delta Mill,,,Epithermal,,beryllium,bertrandite,allanite; apatite; biotite; calcite; chalcedony; chalcophanite; columbite; cristobalite; cryptomelane; epidote; euxenite-(Y); fergusonite; fluorite; magnetite; manganese oxides; monazite; opal; plagioclase; potassium feldspar; pyrolusite; quartz; sanidine; sericite; smectite; xenotime; zircon,,Ayuso and Foley (2023),,2025-06-25
UT000008,Goldstrike,,,Carlin-type,,gold; silver,gold; pyrite,arsenopyrite; barite; calcite; chlorite; goethite; hematite; illite; jarosite; limonite; montmorillonite; orpiment; quartz; realgar; scorodite; stibiconite; stibnite,Gold reported to be present as disseminated grains in arsenical pyrite; Silver ore mineral not reported,McCarthy and others (2018),,2025-08-14
UT000009,International Smelting and Refining,,,Calc-alkaline porphyry copper,Magmatic hydrothermal replacement; Skarn; Vein,antimony (1); arsenic (1); bismuth (1); cadmium (1); copper; gold; lead; manganese (1); molybdenum; palladium (2); platinum (2); rhenium (3); selenium (2); silver; tellurium (2); uranium (3); zinc (1),acanthite (1); anglesite (1); argentojarosite (1); azurite (1); bismuthinite (1); bornite; cerussite (1); chalcocite; chalcophanite (1); chalcopyrite; chlorargyrite (1); covellite (1); digenite; enargite; famatinite; galena; gold; hemimorphite (1); molybdenite; nukundamite; plumbojarosite (1); polybasite (1); proustite (1); pyrolusite (1); rhodochrosite; scorodite (1); silver; smithsonite (1); sphalerite; stromeyerite (1); sylvanite (1); tennantite; tetrahedrite,actinolite; albite; alunite (1); andalusite; andradite; anhydrite; apatite; apophyllite; augite; barite; biotite; calcite; chalcedony (1); chlorite; diaspore (1); dickite (1); diopside; dolomite; epidote; gypsum; hematite; hornblende; illite; kaolinite; limonite; magnetite; marcasite; montmorillonite; opal; orthoclase; pyrite; pyrophyllite (1); pyrrhotite; quartz; sericite; siderite; smectite; stilbite; talc; tourmaline (1); tremolite; vesuvianite; wollastonite,"Cadmium, palladium, platinum, rhenium, selenium, and uranium ore minerals not reported",Karl and others (2022),(1) Krahulec and Briggs (2006); (2) Mills and Rupke (2023); (3) Krahulec (2018b),2025-08-05
UT000010,Bauer,,,Magmatic hydrothermal replacement,Calc-alkaline porphyry copper; Vein,antimony; arsenic; bismuth; cadmium; copper; gold; lead; manganese; silver; zinc,acanthite; anglesite; argentojarosite; arsenopyrite (1); aurichalcite (1); azurite; beudantite (2); bismuthinite; bornite; boulangerite (2); cerussite; chalcanthite (2); chalcocite; chalcophanite; chalcopyrite; chlorargyrite; chrysocolla (2); covellite; enargite; famatinite; galena; gold; hemimorphite; hydrozincite (1); malachite; mimetite (2); orpiment (2); plumbojarosite; polybasite; proustite; pyrolusite; pyromorphite (1); realgar (2); rhodochrosite; scorodite; silver (1); smithsonite; sphalerite; stibiconite (2); stibnite (2); stromeyerite; sylvanite; tennantite; tenorite (2); tetrahedrite; wurtzite (2),actinolite (2); alunite; andradite (2); ankerite; antigorite (3); apatite (3); apophyllite (3); aragonite (1); barite; beidellite (2); biotite; calcite; chalcedony; chlorite; cinnabar (2); diaspore; dickite; diopside (2); dolomite; epidote (2); fluorite (2); garnet (3); goethite (2); gypsum (1); halite (3); halloysite; hematite; hornblende (3); illite; jarosite; kaolinite; limonite; manganese oxides; marcasite (1); melanterite (2); molybdenite; montmorillonite (1); muscovite (3); nontronite (2); orthoclase (2); plagioclase (3); potassium feldspar; pyrite; pyrophyllite; pyrrhotite (2); quartz; rutile (2); sepiolite (2); sericite; siderite (2); sulfosalts; talc (2); titanite (2); tourmaline; tremolite (3); vesuvianite (3); wollastonite (3); zircon (2),,Krahulec and Briggs (2006),(1) Heyl (1963); (2) Gilluly (1932); (3) James and Atkinson (2006),2025-06-25
UT000011,Midvale,,,Calc-alkaline porphyry copper,Magmatic hydrothermal replacement; Skarn; Vein,antimony (1); arsenic (1); bismuth (1); cadmium (1); copper; gold; lead; manganese (1); molybdenum; palladium (2); platinum (2); rhenium (3); selenium (2); silver; tellurium (2); uranium (3); zinc (1),acanthite (1); anglesite (1); argentojarosite (1); azurite (1); bismuthinite (1); bornite; cerussite (1); chalcocite; chalcophanite (1); chalcopyrite; chlorargyrite (1); covellite (1); digenite; enargite; famatinite; galena; gold; hemimorphite (1); molybdenite; nukundamite; plumbojarosite (1); polybasite (1); proustite (1); pyrolusite (1); rhodochrosite; scorodite (1); silver; smithsonite (1); sphalerite; stromeyerite (1); sylvanite (1); tennantite; tetrahedrite,actinolite; albite; alunite (1); andalusite; andradite; anhydrite; apatite; apophyllite; augite; barite; biotite; calcite; chalcedony (1); chlorite; diaspore (1); dickite (1); diopside; dolomite; epidote; gypsum; hematite; hornblende; illite; kaolinite; limonite; magnetite; marcasite; montmorillonite; opal; orthoclase; pyrite; pyrophyllite (1); pyrrhotite; quartz; sericite; siderite; smectite; stilbite; talc; tourmaline (1); tremolite; vesuvianite; wollastonite,"Cadmium, palladium, platinum, rhenium, selenium, and uranium ore minerals not reported",Karl and others (2022),(1) Krahulec and Briggs (2006); (2) Mills and Rupke (2023); (3) Krahulec (2018b),2025-08-05
UT000012,Desert Mound,,,Magmatic hydrothermal replacement,Magmatic hydrothermal breccia pipe; Placer; Vein,iron,goethite; hematite; limonite; magnetite,actinolite; albite; andradite; ankerite; apatite; aragonite; azurite; barite; bornite; calcite; chalcopyrite; chlorapatite; chlorite; chrysocolla; cinnabar; copper; cuprite; diopside; dolomite; dufrenite; epidote; fluorapatite; galena; garnet; gypsum; hedenbergite; isoclasite; lepidocrocite; maghemite; magnesite; malachite; marcasite; melanterite; mimetite; muscovite; olivine; phlogopite; phosphosiderite; plagioclase; pyrite; quartz; rhodochrosite; rockbridgeite; scapolite; scolecite; siderite; spinel; strengite; tenorite; titanite; tourmaline; tremolite; vesuvianite; wollastonite,"Iron ore minerals only include goethite, hematite, limonite, and magnetite other iron bearing minerals reported are considered gangue minerals",Bullock (1970),,2025-08-06
UT000013,Rex Peak Mines,,,Phosphorite,,phosphate rock,apatite; fluorapatite,calcite; chlorite; clay; dolomite; feldspar; limonite; muscovite; quartz; sericite; tourmaline; zircon,,Mabie and Hess (1964),,2025-06-25
UT000014,Mexican Hat,,,Sandstone uranium,,copper; uranium; vanadium (1),andersonite; antlerite (2); azurite; bayleyite; bornite; brochantite (2); carnotite (1); chalcanthite; chalcocite; chalcopyrite; coffinite; copper; corvusite (1); covellite; cuprosklodowskite; cyanotrichite (2); domeykite; johannite; malachite; meta-autunite; metatorbernite; metazeunerite; montroseite; roscoelite (1); sabugalite (2); schoepite (2); schrockingerite; tennantite; tyuyamunite; uraninite; uranophane; uranopilite; volborthite (1); zippeite (2),allophane (2); barite (2); bieberite (2); calcite; chalcedony (2); chlorite (1); clay (1); erythrite (2); galena; gersdorffite (2); goethite (2); gypsum (2); hematite (2); ilsemannite; jarosite (2); jordisite; kaolinite; magnetite (2); marcasite (2); microcline (2); pyrite (1); quartz (2); sepiolite (2); siderotil (2); sphalerite; tourmaline (2),,Chenoweth (1993),(1) Gloyn and Krahulec (2005); (2) Trites and others (1959),2025-08-14
VA000001,Cold Spring Kaolin Mine,,,Residual clay,,clay,kaolinite,gibbsite (1); goethite (1); hematite (1); limonite (1); manganese oxides; rutile (2),,Upchurch (1998),(1) Caskie (1957); (2) Ries and Bayley (1922),2025-06-23
VA000002,Alberene Quarry,,,Other,,talc,talc,chlorite (1); hornblende; serpentine; tremolite (1),Talc deposit type not know,Smith (1961),(1) Nelson (1962),2025-08-07
VA000003,Austinville Zinc and Lead Mines,,,Mississippi Valley-type (MVT),,iron (1); lead (1); zinc (1),cerussite (1); chalcopyrite (1); galena (1); hemimorphite (1); hydrozincite (2); limonite (1); smithsonite (2); sphalerite (1),antimony (1); arsenic (1); dolomite (2); fluorite (1); pyrite (1),Gangue_Min antimony and arsenic reported as elemental traces (1),Virginia Department of Energy (2021c),(1) Watson (1905); (2) Oder and Hook (1950),2025-08-14
VA000004,Crimora Mine,,,Residual clay,,manganese,manganese oxides (1); manganite (1); psilomelane (2); pyrolusite (2),goethite; limonite (1); quartz,,Elmi and others (2023),(1) Stose and others (1919); (2) Harder (1910),2025-06-23
VA000005,Montpelier Mine,,,Anorthosite massif titanium,Pegmatite (1),feldspar (2); kaolin (2); titanium (2); zirconium (2),albite (2); illite (2); ilmenite (2); kaolinite (2); microcline (2); rutile (2); zircon (2),biotite (3); garnet (2); hornblende (2); muscovite (3); pyrite (2); quartz (3); sericite (2),,Watson (1913),(1) Johnson (1964); (2) U.S. Geological Survey (2016); (3) Watson and Taber (1913),2025-06-23
VA000006,Betty Baker Mine,,,Sediment-hosted massive sulfide,,copper (1); iron (2),chalcocite (1); chalcopyrite (2); chrysocolla (1); covellite (1); cubanite (2); cuprite (1); goethite (2); hematite (2); iron (2); malachite (1),actinolite (1); amphibole (2); biotite (2); calcite (1); chlorite (2); dolomite (2); feldspar (2); galena (2); graphite (1); ilmenite (1); muscovite (1); pyrite (2); pyrrhotite (2); quartz (2); rutile (1); spessartine (2); sphalerite (2); tremolite (1),,Sweet and others (2016),(1) Stose and Stose (1957); (2) Wright and Raman (1948),2025-05-22
VA000007,Stanley Mine,,,Sedimentary manganese,,copper (1); iron (1); lead (1); manganese; zinc (1),limonite; manganite (1); psilomelane; pyrolusite (1),dolomite,,King (1943),(1) U.S. Geological Survey (2016),2025-05-22
VA000008,Wright Bank,,,Supergene,Residual clay,iron; manganese (1),iron oxides (2); psilomelane (2),,Gangue_Min are unknown,Sweet and others (2016),(1) Miller (1944); (2) Stose and others (1919),2025-08-14
VA000009,Mine of the American Rutile Company,,,Anorthosite massif titanium,,phosphorus (1); titanium (2),ilmenite (1); rutile (1),actinolite (2); biotite (1); graphite (2); hornblende (1); microcline (2); muscovite (2); pyrite (1); quartz (1); tremolite (1),Phosphorus ore mineral not reported,Sweet and others (2016),(1) Watson and Taber (1913); (2) U.S. Geological Survey (2016),2025-08-14
VA000010,"Lineberry, J., Mine",,,Sediment-hosted massive sulfide,,copper; iron; lead; zinc,chalcocite; chalcopyrite; covellite; cubanite; cuprite; galena; goethite; malachite; sphalerite,arsenopyrite; mackinawite; muscovite; pyrrhotite; quartz,"Iron ore minerals only include goethite, other iron bearing minerals reported are considered gangue minerals",Sweet and others (1989),,2025-08-05
VA000011,Vesuvius Mine,,,Residual clay,,manganese (1),lithiophorite (1); manganite (1); psilomelane (1); pyrolusite (1),carbonate (1); clay (1); goethite (2); hematite (2),Reported as manganiferous iron and nodular manganese ore (1),Stose and others (1919),(1) Knechtel (1943); (2) U.S. Geological Survey (2016),2025-08-05
VA000012,Kennedy Mine,,,Residual clay,,manganese,psilomelane,limonite,,Stose and others (1919),,2025-08-05
VA000013,Black Rock Mine,,,Residual clay,,iron (1); manganese (1),,,Ore_Min and Gangue_Min are unknown,Sweet and others (2016),(1) U.S. Geological Survey (2016),2025-08-05
VA000014,Round Hill Mine,,,Paleoplacer,,titanium (1); zirconium (1),ilmenite (1); leucoxene (1); rutile (1),kyanite (1); monazite (1); sillimanite (1),Zirconium ore mineral not reported,Virginia Department of Energy (2021b),(1) Berquist (1987),2025-08-05
VA000015,Old Hickory Mine,,,Paleoplacer,,aluminum; titanium; zirconium,ilmenite (1); leucoxene (1); rutile (1); zircon (1),quartz,Aluminum ore mineral not reported,Sweet and others (2016),(1) Lener (1997),2025-08-05
VA000016,Puddledock Sand and Gravel,,,Paleoplacer,,gravel (1); hafnium (1); sand (1); titanium (1); zirconium (1),,,Ore_Min and Gangue_Min are unknown,Virginia Department of Energy (2021d),(1) Occhi (2021),2025-08-05
VA000017,Stony Creek,,,Paleoplacer,,gravel (1); sand (1); titanium (1); zirconium (1),,,Ore_Min and Gangue_Min are unknown,Hawkins and Lassetter (2022),(1) Virginia Department of Energy (2021f),2025-08-05
VA000018,Mineral Ridge Mine,,,Supergene,,manganese,manganese oxides; manganite; psilomelane; pyrolusite,quartz,,Stose and Miser (1922),,2025-06-23
VA000019,Brink Mine,,,Paleoplacer,,titanium; zirconium,ilmenite; leucoxene; rutile; zircon,quartz,,Sweet and others (2016),,2025-08-05
VA000020,Round Mountain Mine,,,Supergene,Residual clay,manganese (1),manganese oxides (1); manganite (1); psilomelane (1); pyrolusite (1),quartz (1),,Sweet and others (2016),(1) Virginia Department of Energy (2021a),2025-06-23
VA000021,The Suiter Mines,,,Supergene,,manganese (1),manganese oxides (1); manganite (1); psilomelane (1); pyrolusite (1),quartz (1),,Stose and Miser (1922),(1) Sweet and others (2016),2025-05-22
VA000022,Stange and Arms Mine,,,Supergene,,cobalt (1); manganese (1),manganite (1); psilomelane (1); pyrolusite (1),quartz (1),Cobalt ore mineral not reported,Virginia Department of Energy (2021a),(1) Stose and Miser (1922),2025-08-05
VA000023,Mine Bank Mine,,,Laterite,,aluminum (1); iron (2); manganese (1),gibbsite (1),quartz (1),Iron and manganese ore minerals not reported,Virginia Department of Energy (2021e),(1) Knechtel (1943); (2) U.S. Geological Survey (2016),2025-08-05
VA000024,Kimball,,,Vein,,gold; lead; silver; tungsten; zinc,galena; hübnerite; scheelite; sphalerite,chalcopyrite; fluorite; pyrite; quartz,Gold and silver ore minerals not reported,Sweet and others (2016),,2025-08-07
